model,train_time_s,test_loss,test_acc
LSTM,141.44598484039307,0.05091327056288719,0.984499990940094
CNN,421.786417722702,0.028902264311909676,0.9912999868392944
